<?xml version="1.0" encoding="utf-8"?>
<assetliability_data><meta><autoIncrement>5</autoIncrement></meta><data><row><id>5</id><GrossFixedAssets>100</GrossFixedAssets><Equity>100</Equity><LessDepreciation>0</LessDepreciation><RetainedEarning>012</RetainedEarning><ConsumerContribution>0</ConsumerContribution><NetFxdAsst>100</NetFxdAsst><WorkProgress></WorkProgress><ConsumerDeposits>0</ConsumerDeposits><Receivables></Receivables><Currentmaturity></Currentmaturity><ShortTermDeposits>0</ShortTermDeposits><TaxableReEvaluation></TaxableReEvaluation><sid>1</sid></row></data></assetliability_data>
