<?xml version="1.0" encoding="utf-8"?>
<comminvest><meta><autoIncrement>1</autoIncrement></meta><data><row><id>1</id><C_USD_2011>5</C_USD_2011><C_USD_2012>5</C_USD_2012><C_USD_2013>5</C_USD_2013><C_USD_2014>5</C_USD_2014><C_USD_2015>5</C_USD_2015><C_USD_2016>5</C_USD_2016><C_USD_2017></C_USD_2017><C_USD_2018></C_USD_2018><C_USD_2019></C_USD_2019><C_USD_2020></C_USD_2020><C_USD_2021></C_USD_2021><C_USD_2022></C_USD_2022><C_USD_2023></C_USD_2023><C_USD_2024></C_USD_2024><C_USD_2025></C_USD_2025><C_USD_2026></C_USD_2026><C_USD_2027></C_USD_2027><C_USD_2028></C_USD_2028><C_USD_2029></C_USD_2029><C_USD_2030></C_USD_2030><C_LC1_2011></C_LC1_2011><C_LC1_2012></C_LC1_2012><C_LC1_2013></C_LC1_2013><C_LC1_2014></C_LC1_2014><C_LC1_2015></C_LC1_2015><C_LC1_2016></C_LC1_2016><C_LC1_2017></C_LC1_2017><C_LC1_2018></C_LC1_2018><C_LC1_2019></C_LC1_2019><C_LC1_2020></C_LC1_2020><C_LC1_2021></C_LC1_2021><C_LC1_2022></C_LC1_2022><C_LC1_2023></C_LC1_2023><C_LC1_2024></C_LC1_2024><C_LC1_2025></C_LC1_2025><C_LC1_2026></C_LC1_2026><C_LC1_2027></C_LC1_2027><C_LC1_2028></C_LC1_2028><C_LC1_2029></C_LC1_2029><C_LC1_2030></C_LC1_2030><sid>1</sid></row></data></comminvest>
