<?xml version="1.0" encoding="utf-8"?>
<debitother><meta><autoIncrement>1</autoIncrement></meta><data><row><id>1</id><Bal_USD_E1_2009>0</Bal_USD_E1_2009><Int_USD_E1_2009>0</Int_USD_E1_2009><Repy_USD_E1_2009>0</Repy_USD_E1_2009><Bal_USD_E1_2010>0</Bal_USD_E1_2010><Int_USD_E1_2010>0</Int_USD_E1_2010><Repy_USD_E1_2010>0</Repy_USD_E1_2010><Bal_USD_E1_2011>0</Bal_USD_E1_2011><Int_USD_E1_2011>0</Int_USD_E1_2011><Repy_USD_E1_2011>0</Repy_USD_E1_2011><Bal_USD_E1_2012>46.5945</Bal_USD_E1_2012><Int_USD_E1_2012>0</Int_USD_E1_2012><Repy_USD_E1_2012>0</Repy_USD_E1_2012><Bal_USD_E1_2013>136.5248</Bal_USD_E1_2013><Int_USD_E1_2013>0</Int_USD_E1_2013><Repy_USD_E1_2013>0</Repy_USD_E1_2013><Bal_USD_E1_2014>184.8025</Bal_USD_E1_2014><Int_USD_E1_2014>0</Int_USD_E1_2014><Repy_USD_E1_2014>0</Repy_USD_E1_2014><Bal_USD_E1_2015>194.9666</Bal_USD_E1_2015><Int_USD_E1_2015>0</Int_USD_E1_2015><Repy_USD_E1_2015>0</Repy_USD_E1_2015><Bal_USD_E1_2016>185.4159</Bal_USD_E1_2016><Int_USD_E1_2016>0</Int_USD_E1_2016><Repy_USD_E1_2016>20.2739</Repy_USD_E1_2016><Bal_USD_E1_2017>175.3398</Bal_USD_E1_2017><Int_USD_E1_2017>0</Int_USD_E1_2017><Repy_USD_E1_2017>20.2739</Repy_USD_E1_2017><Bal_USD_E1_2018>164.7096</Bal_USD_E1_2018><Int_USD_E1_2018>0</Int_USD_E1_2018><Repy_USD_E1_2018>20.2739</Repy_USD_E1_2018><Bal_USD_E1_2019>153.4948</Bal_USD_E1_2019><Int_USD_E1_2019>0</Int_USD_E1_2019><Repy_USD_E1_2019>20.2739</Repy_USD_E1_2019><Bal_USD_E1_2020>141.6631</Bal_USD_E1_2020><Int_USD_E1_2020>0</Int_USD_E1_2020><Repy_USD_E1_2020>20.2739</Repy_USD_E1_2020><Bal_USD_E1_2021>129.1807</Bal_USD_E1_2021><Int_USD_E1_2021>0</Int_USD_E1_2021><Repy_USD_E1_2021>20.2739</Repy_USD_E1_2021><Bal_USD_E1_2022>116.0117</Bal_USD_E1_2022><Int_USD_E1_2022>0</Int_USD_E1_2022><Repy_USD_E1_2022>20.2739</Repy_USD_E1_2022><Bal_USD_E1_2023>102.1185</Bal_USD_E1_2023><Int_USD_E1_2023>0</Int_USD_E1_2023><Repy_USD_E1_2023>20.2739</Repy_USD_E1_2023><Bal_USD_E1_2024>87.4611</Bal_USD_E1_2024><Int_USD_E1_2024>0</Int_USD_E1_2024><Repy_USD_E1_2024>20.2739</Repy_USD_E1_2024><Bal_USD_E1_2025>71.9976</Bal_USD_E1_2025><Int_USD_E1_2025>0</Int_USD_E1_2025><Repy_USD_E1_2025>20.2739</Repy_USD_E1_2025><Bal_USD_E2_2009>0</Bal_USD_E2_2009><Int_USD_E2_2009>0</Int_USD_E2_2009><Repy_USD_E2_2009>0</Repy_USD_E2_2009><Bal_USD_E2_2010>0</Bal_USD_E2_2010><Int_USD_E2_2010>0</Int_USD_E2_2010><Repy_USD_E2_2010>0</Repy_USD_E2_2010><Bal_USD_E2_2011>0</Bal_USD_E2_2011><Int_USD_E2_2011>0</Int_USD_E2_2011><Repy_USD_E2_2011>0</Repy_USD_E2_2011><Bal_USD_E2_2012>0</Bal_USD_E2_2012><Int_USD_E2_2012>0</Int_USD_E2_2012><Repy_USD_E2_2012>0</Repy_USD_E2_2012><Bal_USD_E2_2013>0</Bal_USD_E2_2013><Int_USD_E2_2013>0</Int_USD_E2_2013><Repy_USD_E2_2013>0</Repy_USD_E2_2013><Bal_USD_E2_2014>0</Bal_USD_E2_2014><Int_USD_E2_2014>0</Int_USD_E2_2014><Repy_USD_E2_2014>0</Repy_USD_E2_2014><Bal_USD_E2_2015>0</Bal_USD_E2_2015><Int_USD_E2_2015>0</Int_USD_E2_2015><Repy_USD_E2_2015>0</Repy_USD_E2_2015><Bal_USD_E2_2016>0</Bal_USD_E2_2016><Int_USD_E2_2016>0</Int_USD_E2_2016><Repy_USD_E2_2016>0</Repy_USD_E2_2016><Bal_USD_E2_2017>0</Bal_USD_E2_2017><Int_USD_E2_2017>0</Int_USD_E2_2017><Repy_USD_E2_2017>0</Repy_USD_E2_2017><Bal_USD_E2_2018>0</Bal_USD_E2_2018><Int_USD_E2_2018>0</Int_USD_E2_2018><Repy_USD_E2_2018>0</Repy_USD_E2_2018><Bal_USD_E2_2019>0</Bal_USD_E2_2019><Int_USD_E2_2019>0</Int_USD_E2_2019><Repy_USD_E2_2019>0</Repy_USD_E2_2019><Bal_USD_E2_2020>0</Bal_USD_E2_2020><Int_USD_E2_2020>0</Int_USD_E2_2020><Repy_USD_E2_2020>0</Repy_USD_E2_2020><Bal_USD_E2_2021>0</Bal_USD_E2_2021><Int_USD_E2_2021>0</Int_USD_E2_2021><Repy_USD_E2_2021>0</Repy_USD_E2_2021><Bal_USD_E2_2022>0</Bal_USD_E2_2022><Int_USD_E2_2022>0</Int_USD_E2_2022><Repy_USD_E2_2022>0</Repy_USD_E2_2022><Bal_USD_E2_2023>0</Bal_USD_E2_2023><Int_USD_E2_2023>0</Int_USD_E2_2023><Repy_USD_E2_2023>0</Repy_USD_E2_2023><Bal_USD_E2_2024>0</Bal_USD_E2_2024><Int_USD_E2_2024>0</Int_USD_E2_2024><Repy_USD_E2_2024>0</Repy_USD_E2_2024><Bal_USD_E2_2025>0</Bal_USD_E2_2025><Int_USD_E2_2025>0</Int_USD_E2_2025><Repy_USD_E2_2025>0</Repy_USD_E2_2025><Bal_JOD_E1_2009>0</Bal_JOD_E1_2009><Int_JOD_E1_2009>0</Int_JOD_E1_2009><Repy_JOD_E1_2009>0</Repy_JOD_E1_2009><Bal_JOD_E1_2010>0</Bal_JOD_E1_2010><Int_JOD_E1_2010>0</Int_JOD_E1_2010><Repy_JOD_E1_2010>0</Repy_JOD_E1_2010><Bal_JOD_E1_2011>0</Bal_JOD_E1_2011><Int_JOD_E1_2011>0</Int_JOD_E1_2011><Repy_JOD_E1_2011>0</Repy_JOD_E1_2011><Bal_JOD_E1_2012>0</Bal_JOD_E1_2012><Int_JOD_E1_2012>0</Int_JOD_E1_2012><Repy_JOD_E1_2012>0</Repy_JOD_E1_2012><Bal_JOD_E1_2013>0</Bal_JOD_E1_2013><Int_JOD_E1_2013>0</Int_JOD_E1_2013><Repy_JOD_E1_2013>0</Repy_JOD_E1_2013><Bal_JOD_E1_2014>0</Bal_JOD_E1_2014><Int_JOD_E1_2014>0</Int_JOD_E1_2014><Repy_JOD_E1_2014>0</Repy_JOD_E1_2014><Bal_JOD_E1_2015>0</Bal_JOD_E1_2015><Int_JOD_E1_2015>0</Int_JOD_E1_2015><Repy_JOD_E1_2015>0</Repy_JOD_E1_2015><Bal_JOD_E1_2016>0</Bal_JOD_E1_2016><Int_JOD_E1_2016>0</Int_JOD_E1_2016><Repy_JOD_E1_2016>0</Repy_JOD_E1_2016><Bal_JOD_E1_2017>0</Bal_JOD_E1_2017><Int_JOD_E1_2017>0</Int_JOD_E1_2017><Repy_JOD_E1_2017>0</Repy_JOD_E1_2017><Bal_JOD_E1_2018>0</Bal_JOD_E1_2018><Int_JOD_E1_2018>0</Int_JOD_E1_2018><Repy_JOD_E1_2018>0</Repy_JOD_E1_2018><Bal_JOD_E1_2019>0</Bal_JOD_E1_2019><Int_JOD_E1_2019>0</Int_JOD_E1_2019><Repy_JOD_E1_2019>0</Repy_JOD_E1_2019><Bal_JOD_E1_2020>0</Bal_JOD_E1_2020><Int_JOD_E1_2020>0</Int_JOD_E1_2020><Repy_JOD_E1_2020>0</Repy_JOD_E1_2020><Bal_JOD_E1_2021>0</Bal_JOD_E1_2021><Int_JOD_E1_2021>0</Int_JOD_E1_2021><Repy_JOD_E1_2021>0</Repy_JOD_E1_2021><Bal_JOD_E1_2022>0</Bal_JOD_E1_2022><Int_JOD_E1_2022>0</Int_JOD_E1_2022><Repy_JOD_E1_2022>0</Repy_JOD_E1_2022><Bal_JOD_E1_2023>0</Bal_JOD_E1_2023><Int_JOD_E1_2023>0</Int_JOD_E1_2023><Repy_JOD_E1_2023>0</Repy_JOD_E1_2023><Bal_JOD_E1_2024>0</Bal_JOD_E1_2024><Int_JOD_E1_2024>0</Int_JOD_E1_2024><Repy_JOD_E1_2024>0</Repy_JOD_E1_2024><Bal_JOD_E1_2025>0</Bal_JOD_E1_2025><Int_JOD_E1_2025>0</Int_JOD_E1_2025><Repy_JOD_E1_2025>0</Repy_JOD_E1_2025><Bal_JOD_E2_2009>0</Bal_JOD_E2_2009><Int_JOD_E2_2009>0</Int_JOD_E2_2009><Repy_JOD_E2_2009>0</Repy_JOD_E2_2009><Bal_JOD_E2_2010>0</Bal_JOD_E2_2010><Int_JOD_E2_2010>0</Int_JOD_E2_2010><Repy_JOD_E2_2010>0</Repy_JOD_E2_2010><Bal_JOD_E2_2011>0</Bal_JOD_E2_2011><Int_JOD_E2_2011>0</Int_JOD_E2_2011><Repy_JOD_E2_2011>0</Repy_JOD_E2_2011><Bal_JOD_E2_2012>0</Bal_JOD_E2_2012><Int_JOD_E2_2012>0</Int_JOD_E2_2012><Repy_JOD_E2_2012>0</Repy_JOD_E2_2012><Bal_JOD_E2_2013>0</Bal_JOD_E2_2013><Int_JOD_E2_2013>0</Int_JOD_E2_2013><Repy_JOD_E2_2013>0</Repy_JOD_E2_2013><Bal_JOD_E2_2014>0</Bal_JOD_E2_2014><Int_JOD_E2_2014>0</Int_JOD_E2_2014><Repy_JOD_E2_2014>0</Repy_JOD_E2_2014><Bal_JOD_E2_2015>0</Bal_JOD_E2_2015><Int_JOD_E2_2015>0</Int_JOD_E2_2015><Repy_JOD_E2_2015>0</Repy_JOD_E2_2015><Bal_JOD_E2_2016>0</Bal_JOD_E2_2016><Int_JOD_E2_2016>0</Int_JOD_E2_2016><Repy_JOD_E2_2016>0</Repy_JOD_E2_2016><Bal_JOD_E2_2017>0</Bal_JOD_E2_2017><Int_JOD_E2_2017>0</Int_JOD_E2_2017><Repy_JOD_E2_2017>0</Repy_JOD_E2_2017><Bal_JOD_E2_2018>0</Bal_JOD_E2_2018><Int_JOD_E2_2018>0</Int_JOD_E2_2018><Repy_JOD_E2_2018>0</Repy_JOD_E2_2018><Bal_JOD_E2_2019>0</Bal_JOD_E2_2019><Int_JOD_E2_2019>0</Int_JOD_E2_2019><Repy_JOD_E2_2019>0</Repy_JOD_E2_2019><Bal_JOD_E2_2020>0</Bal_JOD_E2_2020><Int_JOD_E2_2020>0</Int_JOD_E2_2020><Repy_JOD_E2_2020>0</Repy_JOD_E2_2020><Bal_JOD_E2_2021>0</Bal_JOD_E2_2021><Int_JOD_E2_2021>0</Int_JOD_E2_2021><Repy_JOD_E2_2021>0</Repy_JOD_E2_2021><Bal_JOD_E2_2022>0</Bal_JOD_E2_2022><Int_JOD_E2_2022>0</Int_JOD_E2_2022><Repy_JOD_E2_2022>0</Repy_JOD_E2_2022><Bal_JOD_E2_2023>0</Bal_JOD_E2_2023><Int_JOD_E2_2023>0</Int_JOD_E2_2023><Repy_JOD_E2_2023>0</Repy_JOD_E2_2023><Bal_JOD_E2_2024>0</Bal_JOD_E2_2024><Int_JOD_E2_2024>0</Int_JOD_E2_2024><Repy_JOD_E2_2024>0</Repy_JOD_E2_2024><Bal_JOD_E2_2025>0</Bal_JOD_E2_2025><Int_JOD_E2_2025>0</Int_JOD_E2_2025><Repy_JOD_E2_2025>0</Repy_JOD_E2_2025><sid>1</sid></row></data></debitother>
