<?xml version="1.0" encoding="utf-8"?>
<equity><meta><autoIncrement>50</autoIncrement></meta><data><row><id>50</id><DR_LC1>10.0</DR_LC1><E_LC1_2011></E_LC1_2011><ER_LC1_2011></ER_LC1_2011><E_LC1_2012>100</E_LC1_2012><ER_LC1_2012></ER_LC1_2012><E_LC1_2013>100</E_LC1_2013><ER_LC1_2013></ER_LC1_2013><E_LC1_2014>100</E_LC1_2014><ER_LC1_2014></ER_LC1_2014><E_LC1_2015></E_LC1_2015><ER_LC1_2015></ER_LC1_2015><E_LC1_2016></E_LC1_2016><ER_LC1_2016></ER_LC1_2016><E_LC1_2017></E_LC1_2017><ER_LC1_2017></ER_LC1_2017><E_LC1_2018></E_LC1_2018><ER_LC1_2018></ER_LC1_2018><E_LC1_2019></E_LC1_2019><ER_LC1_2019></ER_LC1_2019><E_LC1_2020></E_LC1_2020><ER_LC1_2020></ER_LC1_2020><E_LC1_2021></E_LC1_2021><ER_LC1_2021></ER_LC1_2021><E_LC1_2022></E_LC1_2022><ER_LC1_2022></ER_LC1_2022><E_LC1_2023></E_LC1_2023><ER_LC1_2023></ER_LC1_2023><E_LC1_2024></E_LC1_2024><ER_LC1_2024></ER_LC1_2024><E_LC1_2025></E_LC1_2025><ER_LC1_2025></ER_LC1_2025><E_LC1_2026></E_LC1_2026><ER_LC1_2026></ER_LC1_2026><E_LC1_2027></E_LC1_2027><ER_LC1_2027></ER_LC1_2027><E_LC1_2028></E_LC1_2028><ER_LC1_2028></ER_LC1_2028><E_LC1_2029></E_LC1_2029><ER_LC1_2029></ER_LC1_2029><E_LC1_2030></E_LC1_2030><ER_LC1_2030></ER_LC1_2030><sid>1</sid></row></data></equity>
