<?xml version="1.0" encoding="utf-8"?>
<currency_exch><meta><autoIncrement>17</autoIncrement></meta><data><row><id>17</id><USD_2010>3</USD_2010><USD_2011>3.2</USD_2011><RateTypeUSD>YR</RateTypeUSD><USD_2012>5</USD_2012><USD_2013></USD_2013><USD_2014></USD_2014><USD_2015></USD_2015><USD_2016>5</USD_2016><USD_2017></USD_2017><USD_2018></USD_2018><USD_2019></USD_2019><USD_2020></USD_2020><USD_2021></USD_2021><USD_2022></USD_2022><USD_2023></USD_2023><USD_2024></USD_2024><USD_2025></USD_2025><USD_2026></USD_2026><USD_2027></USD_2027><USD_2028></USD_2028><USD_2029></USD_2029><USD_2030></USD_2030><sid>1</sid></row></data></currency_exch>
