<?xml version="1.0" encoding="utf-8"?>
<loans_data><meta><autoIncrement>11</autoIncrement></meta><data><row><id>11</id><S_USD></S_USD><T_USD></T_USD><A_USD_2011></A_USD_2011><A_USD_2012></A_USD_2012><A_USD_2013></A_USD_2013><A_USD_2014></A_USD_2014><A_USD_2015></A_USD_2015><A_USD_2016></A_USD_2016><A_USD_2017></A_USD_2017><A_USD_2018></A_USD_2018><A_USD_2019></A_USD_2019><A_USD_2020></A_USD_2020><A_USD_2021></A_USD_2021><A_USD_2022></A_USD_2022><A_USD_2023></A_USD_2023><A_USD_2024></A_USD_2024><A_USD_2025></A_USD_2025><A_USD_2026></A_USD_2026><A_USD_2027></A_USD_2027><A_USD_2028></A_USD_2028><A_USD_2029></A_USD_2029><A_USD_2030></A_USD_2030><S_LC1>3</S_LC1><T_LC1>8</T_LC1><A_LC1_2011></A_LC1_2011><A_LC1_2012></A_LC1_2012><A_LC1_2013>100</A_LC1_2013><A_LC1_2014>100</A_LC1_2014><A_LC1_2015></A_LC1_2015><A_LC1_2016></A_LC1_2016><A_LC1_2017></A_LC1_2017><A_LC1_2018></A_LC1_2018><A_LC1_2019></A_LC1_2019><A_LC1_2020></A_LC1_2020><A_LC1_2021></A_LC1_2021><A_LC1_2022></A_LC1_2022><A_LC1_2023></A_LC1_2023><A_LC1_2024></A_LC1_2024><A_LC1_2025></A_LC1_2025><A_LC1_2026></A_LC1_2026><A_LC1_2027></A_LC1_2027><A_LC1_2028></A_LC1_2028><A_LC1_2029></A_LC1_2029><A_LC1_2030></A_LC1_2030><sid>1</sid></row></data></loans_data>
