<?xml version="1.0" encoding="utf-8"?>
<oldbonds><meta><autoIncrement>10</autoIncrement></meta><data><row><id>10</id><OB_USD>0</OB_USD><RateType_USD>SR</RateType_USD><Avg_USD>0.0</Avg_USD><B_USD_2011></B_USD_2011><R_USD_2011></R_USD_2011><B_USD_2012></B_USD_2012><R_USD_2012></R_USD_2012><B_USD_2013></B_USD_2013><R_USD_2013></R_USD_2013><B_USD_2014></B_USD_2014><R_USD_2014></R_USD_2014><B_USD_2015></B_USD_2015><R_USD_2015></R_USD_2015><B_USD_2016></B_USD_2016><R_USD_2016></R_USD_2016><B_USD_2017></B_USD_2017><R_USD_2017></R_USD_2017><B_USD_2018></B_USD_2018><R_USD_2018></R_USD_2018><B_USD_2019></B_USD_2019><R_USD_2019></R_USD_2019><B_USD_2020></B_USD_2020><R_USD_2020></R_USD_2020><B_USD_2021></B_USD_2021><R_USD_2021></R_USD_2021><B_USD_2022></B_USD_2022><R_USD_2022></R_USD_2022><B_USD_2023></B_USD_2023><R_USD_2023></R_USD_2023><B_USD_2024></B_USD_2024><R_USD_2024></R_USD_2024><B_USD_2025></B_USD_2025><R_USD_2025></R_USD_2025><B_USD_2026></B_USD_2026><R_USD_2026></R_USD_2026><B_USD_2027></B_USD_2027><R_USD_2027></R_USD_2027><B_USD_2028></B_USD_2028><R_USD_2028></R_USD_2028><B_USD_2029></B_USD_2029><R_USD_2029></R_USD_2029><B_USD_2030></B_USD_2030><R_USD_2030></R_USD_2030><TB_USD>0</TB_USD><TR_USD>0</TR_USD><OB_LC1>0.0</OB_LC1><RateType_LC1>SR</RateType_LC1><Avg_LC1>0.0</Avg_LC1><B_LC1_2011></B_LC1_2011><R_LC1_2011></R_LC1_2011><B_LC1_2012></B_LC1_2012><R_LC1_2012></R_LC1_2012><B_LC1_2013></B_LC1_2013><R_LC1_2013></R_LC1_2013><B_LC1_2014></B_LC1_2014><R_LC1_2014></R_LC1_2014><B_LC1_2015></B_LC1_2015><R_LC1_2015></R_LC1_2015><B_LC1_2016></B_LC1_2016><R_LC1_2016></R_LC1_2016><B_LC1_2017></B_LC1_2017><R_LC1_2017></R_LC1_2017><B_LC1_2018></B_LC1_2018><R_LC1_2018></R_LC1_2018><B_LC1_2019></B_LC1_2019><R_LC1_2019></R_LC1_2019><B_LC1_2020></B_LC1_2020><R_LC1_2020></R_LC1_2020><B_LC1_2021></B_LC1_2021><R_LC1_2021></R_LC1_2021><B_LC1_2022></B_LC1_2022><R_LC1_2022></R_LC1_2022><B_LC1_2023></B_LC1_2023><R_LC1_2023></R_LC1_2023><B_LC1_2024></B_LC1_2024><R_LC1_2024></R_LC1_2024><B_LC1_2025></B_LC1_2025><R_LC1_2025></R_LC1_2025><B_LC1_2026></B_LC1_2026><R_LC1_2026></R_LC1_2026><B_LC1_2027></B_LC1_2027><R_LC1_2027></R_LC1_2027><B_LC1_2028></B_LC1_2028><R_LC1_2028></R_LC1_2028><B_LC1_2029></B_LC1_2029><R_LC1_2029></R_LC1_2029><B_LC1_2030></B_LC1_2030><R_LC1_2030></R_LC1_2030><TB_LC1>0</TB_LC1><TR_LC1>0</TR_LC1><sid>1</sid></row></data></oldbonds>
