<?xml version="1.0" encoding="utf-8"?>
<oldloans><meta><autoIncrement>6</autoIncrement></meta><data><row><id>6</id><OL_USD>0</OL_USD><RateType_USD>SR</RateType_USD><Avg_USD>0.0</Avg_USD><L_USD_2011></L_USD_2011><R_USD_2011></R_USD_2011><L_USD_2012></L_USD_2012><R_USD_2012></R_USD_2012><L_USD_2013></L_USD_2013><R_USD_2013></R_USD_2013><L_USD_2014></L_USD_2014><R_USD_2014></R_USD_2014><L_USD_2015></L_USD_2015><R_USD_2015></R_USD_2015><L_USD_2016></L_USD_2016><R_USD_2016></R_USD_2016><L_USD_2017></L_USD_2017><R_USD_2017></R_USD_2017><L_USD_2018></L_USD_2018><R_USD_2018></R_USD_2018><L_USD_2019></L_USD_2019><R_USD_2019></R_USD_2019><L_USD_2020></L_USD_2020><R_USD_2020></R_USD_2020><L_USD_2021></L_USD_2021><R_USD_2021></R_USD_2021><L_USD_2022></L_USD_2022><R_USD_2022></R_USD_2022><L_USD_2023></L_USD_2023><R_USD_2023></R_USD_2023><L_USD_2024></L_USD_2024><R_USD_2024></R_USD_2024><L_USD_2025></L_USD_2025><R_USD_2025></R_USD_2025><L_USD_2026></L_USD_2026><R_USD_2026></R_USD_2026><L_USD_2027></L_USD_2027><R_USD_2027></R_USD_2027><L_USD_2028></L_USD_2028><R_USD_2028></R_USD_2028><L_USD_2029></L_USD_2029><R_USD_2029></R_USD_2029><L_USD_2030></L_USD_2030><R_USD_2030></R_USD_2030><TL_USD>0</TL_USD><TR_USD>0</TR_USD><OL_LC1>0.0</OL_LC1><RateType_LC1>SR</RateType_LC1><Avg_LC1>0.0</Avg_LC1><L_LC1_2011></L_LC1_2011><R_LC1_2011></R_LC1_2011><L_LC1_2012></L_LC1_2012><R_LC1_2012></R_LC1_2012><L_LC1_2013></L_LC1_2013><R_LC1_2013></R_LC1_2013><L_LC1_2014></L_LC1_2014><R_LC1_2014></R_LC1_2014><L_LC1_2015></L_LC1_2015><R_LC1_2015></R_LC1_2015><L_LC1_2016></L_LC1_2016><R_LC1_2016></R_LC1_2016><L_LC1_2017></L_LC1_2017><R_LC1_2017></R_LC1_2017><L_LC1_2018></L_LC1_2018><R_LC1_2018></R_LC1_2018><L_LC1_2019></L_LC1_2019><R_LC1_2019></R_LC1_2019><L_LC1_2020></L_LC1_2020><R_LC1_2020></R_LC1_2020><L_LC1_2021></L_LC1_2021><R_LC1_2021></R_LC1_2021><L_LC1_2022></L_LC1_2022><R_LC1_2022></R_LC1_2022><L_LC1_2023></L_LC1_2023><R_LC1_2023></R_LC1_2023><L_LC1_2024></L_LC1_2024><R_LC1_2024></R_LC1_2024><L_LC1_2025></L_LC1_2025><R_LC1_2025></R_LC1_2025><L_LC1_2026></L_LC1_2026><R_LC1_2026></R_LC1_2026><L_LC1_2027></L_LC1_2027><R_LC1_2027></R_LC1_2027><L_LC1_2028></L_LC1_2028><R_LC1_2028></R_LC1_2028><L_LC1_2029></L_LC1_2029><R_LC1_2029></R_LC1_2029><L_LC1_2030></L_LC1_2030><R_LC1_2030></R_LC1_2030><TL_LC1>0</TL_LC1><TR_LC1>0</TR_LC1><sid>1</sid></row></data></oldloans>
