<?xml version="1.0" encoding="utf-8"?>
<sale_data><meta><autoIncrement>49</autoIncrement></meta><data><row><id>49</id><Name>H</Name><ClientName>All</ClientName><TradeCurrency>LC1</TradeCurrency><Amount>YR</Amount><PriceBase>0.24</PriceBase><Price>YC</Price><Amt_2011></Amt_2011><Pri_2011></Pri_2011><Amt_2012></Amt_2012><Pri_2012></Pri_2012><Amt_2013></Amt_2013><Pri_2013></Pri_2013><Amt_2014>2222</Amt_2014><Pri_2014></Pri_2014><Amt_2015>2000</Amt_2015><Pri_2015></Pri_2015><Amt_2016></Amt_2016><Pri_2016></Pri_2016><Amt_2017></Amt_2017><Pri_2017></Pri_2017><Amt_2018></Amt_2018><Pri_2018></Pri_2018><Amt_2019></Amt_2019><Pri_2019></Pri_2019><Amt_2020></Amt_2020><Pri_2020></Pri_2020><Amt_2021></Amt_2021><Pri_2021></Pri_2021><Amt_2022></Amt_2022><Pri_2022></Pri_2022><Amt_2023></Amt_2023><Pri_2023></Pri_2023><Amt_2024></Amt_2024><Pri_2024></Pri_2024><Amt_2025></Amt_2025><Pri_2025></Pri_2025><Amt_2026></Amt_2026><Pri_2026></Pri_2026><Amt_2027></Amt_2027><Pri_2027></Pri_2027><Amt_2028></Amt_2028><Pri_2028></Pri_2028><Amt_2029></Amt_2029><Pri_2029></Pri_2029><Amt_2030></Amt_2030><Pri_2030></Pri_2030></row></data></sale_data>
