<?xml version="1.0" encoding="utf-8"?>
<tax_info><meta><autoIncrement>29</autoIncrement></meta><data><row><id>29</id><YearlyDepreciationRate>0.0</YearlyDepreciationRate><VAT_Cover_Inv></VAT_Cover_Inv><TaxType>SR</TaxType><Y2011></Y2011><Y2012></Y2012><Y2013></Y2013><Y2014></Y2014><Y2015></Y2015><Y2016></Y2016><Y2017></Y2017><Y2018></Y2018><Y2019></Y2019><Y2020></Y2020><Y2021></Y2021><Y2022></Y2022><Y2023></Y2023><Y2024></Y2024><Y2025></Y2025><Y2026></Y2026><Y2027></Y2027><Y2028></Y2028><Y2029></Y2029><Y2030></Y2030><sid>1</sid></row></data></tax_info>
