<?xml version="1.0" encoding="utf-8"?>
<term_finance><meta><autoIncrement>29</autoIncrement></meta><data><row><id>23</id><Name>L1</Name><Currency>JOD</Currency><MaturityTime>10</MaturityTime><InterestOption>F</InterestOption><InterestSpreadRate>3</InterestSpreadRate><pid>1</pid><fid>JOD_1_L1</fid><RepaymentOption>UI</RepaymentOption></row><row><id>24</id><Name>L1</Name><Currency>USD</Currency><MaturityTime>8</MaturityTime><InterestOption>F</InterestOption><InterestSpreadRate>3</InterestSpreadRate><pid>1</pid><fid>USD_1_L1</fid><RepaymentOption>UI</RepaymentOption></row><row><id>29</id><Name>E1</Name><Currency>USD</Currency><MaturityTime>12</MaturityTime><RepaymentOption>ST</RepaymentOption><InterestRate>5.5</InterestRate><InterestSpreadRate>0.0</InterestSpreadRate><IDCOption>N</IDCOption><pid>1</pid><fid>USD_1_E1</fid><InterestOption>C</InterestOption></row></data></term_finance>
