<?xml version="1.0" encoding="utf-8"?>
<cal_deccom><meta><autoIncrement>1</autoIncrement></meta><data><row><id>1</id><sid>1</sid><DCL_1_>0</DCL_1_><TDCL_2011>0</TDCL_2011><TDCL_2012>0</TDCL_2012><TDCL_2013>0</TDCL_2013><TDCL_2014>0</TDCL_2014><TDCL_2015>0</TDCL_2015><TDCL_2016>0</TDCL_2016><TDCL_2017>0</TDCL_2017><TDCL_2018>0</TDCL_2018><TDCL_2019>0</TDCL_2019><TDCL_2020>0</TDCL_2020><TDCL_2021>0</TDCL_2021><TDCL_2022>0</TDCL_2022><TDCL_2023>0</TDCL_2023><TDCL_2024>0</TDCL_2024><TDCL_2025>0</TDCL_2025><TDCL_2026>0</TDCL_2026><TDCL_2027>0</TDCL_2027><TDCL_2028>0</TDCL_2028><TDCL_2029>0</TDCL_2029><TDCL_2030>0</TDCL_2030></row></data></cal_deccom>
