<?xml version="1.0" encoding="utf-8"?>
<cal_debitdrawdown><meta><autoIncrement>1</autoIncrement></meta><data><row><id>1</id><E1_JOD_2012>0</E1_JOD_2012><E1_JOD_2013>0</E1_JOD_2013><E1_JOD_2014>0</E1_JOD_2014><E2_JOD_2012>0</E2_JOD_2012><E2_JOD_2013>0</E2_JOD_2013><E2_JOD_2014>0</E2_JOD_2014><L1_JOD_2012>0</L1_JOD_2012><L1_JOD_2013>0</L1_JOD_2013><L1_JOD_2014>0</L1_JOD_2014><E1_USD_2012>45</E1_USD_2012><E1_USD_2013>90</E1_USD_2013><E1_USD_2014>45</E1_USD_2014><E2_USD_2012>0</E2_USD_2012><E2_USD_2013>0</E2_USD_2013><E2_USD_2014>0</E2_USD_2014><L1_USD_2012>0</L1_USD_2012><L1_USD_2013>0</L1_USD_2013><L1_USD_2014>0</L1_USD_2014><sid>1</sid></row></data></cal_debitdrawdown>
