<?xml version="1.0" encoding="utf-8"?>
<cal_commloan><meta><autoIncrement>1</autoIncrement></meta><data><row><id>1</id><pid>1</pid><TotREP_USD_L1>0</TotREP_USD_L1><TotInt_USD_L1>0</TotInt_USD_L1><Bal_USD_L1_2011>0</Bal_USD_L1_2011><Int_USD_L1_2011>0</Int_USD_L1_2011><Repy_USD_L1_2011_1></Repy_USD_L1_2011_1><DD_USD_L1_2011></DD_USD_L1_2011><Bal_USD_L1_2012>0</Bal_USD_L1_2012><Int_USD_L1_2012>0</Int_USD_L1_2012><Repy_USD_L1_2012_1></Repy_USD_L1_2012_1><DD_USD_L1_2012>0</DD_USD_L1_2012><Bal_USD_L1_2013>0</Bal_USD_L1_2013><Int_USD_L1_2013>0</Int_USD_L1_2013><Repy_USD_L1_2013_1></Repy_USD_L1_2013_1><DD_USD_L1_2013>0</DD_USD_L1_2013><Bal_USD_L1_2014>0</Bal_USD_L1_2014><Int_USD_L1_2014>0</Int_USD_L1_2014><Repy_USD_L1_2014_1></Repy_USD_L1_2014_1><DD_USD_L1_2014>0</DD_USD_L1_2014><Bal_USD_L1_2015>0</Bal_USD_L1_2015><Int_USD_L1_2015>0</Int_USD_L1_2015><Repy_USD_L1_2015_1></Repy_USD_L1_2015_1><DD_USD_L1_2015></DD_USD_L1_2015><Bal_USD_L1_2016>0</Bal_USD_L1_2016><Int_USD_L1_2016>0</Int_USD_L1_2016><Repy_USD_L1_2016_1></Repy_USD_L1_2016_1><DD_USD_L1_2016></DD_USD_L1_2016><Bal_USD_L1_2017>0</Bal_USD_L1_2017><Int_USD_L1_2017>0</Int_USD_L1_2017><Repy_USD_L1_2017_1></Repy_USD_L1_2017_1><DD_USD_L1_2017></DD_USD_L1_2017><Bal_USD_L1_2018>0</Bal_USD_L1_2018><Int_USD_L1_2018>0</Int_USD_L1_2018><Repy_USD_L1_2018_1></Repy_USD_L1_2018_1><DD_USD_L1_2018></DD_USD_L1_2018><Bal_USD_L1_2019>0</Bal_USD_L1_2019><Int_USD_L1_2019>0</Int_USD_L1_2019><Repy_USD_L1_2019_1></Repy_USD_L1_2019_1><DD_USD_L1_2019></DD_USD_L1_2019><Bal_USD_L1_2020>0</Bal_USD_L1_2020><Int_USD_L1_2020>0</Int_USD_L1_2020><Repy_USD_L1_2020_1></Repy_USD_L1_2020_1><DD_USD_L1_2020></DD_USD_L1_2020><Bal_USD_L1_2021>0</Bal_USD_L1_2021><Int_USD_L1_2021>0</Int_USD_L1_2021><Repy_USD_L1_2021_1></Repy_USD_L1_2021_1><DD_USD_L1_2021></DD_USD_L1_2021><Bal_USD_L1_2022>0</Bal_USD_L1_2022><Int_USD_L1_2022>0</Int_USD_L1_2022><Repy_USD_L1_2022_1></Repy_USD_L1_2022_1><DD_USD_L1_2022></DD_USD_L1_2022><Bal_USD_L1_2023>0</Bal_USD_L1_2023><Int_USD_L1_2023>0</Int_USD_L1_2023><Repy_USD_L1_2023_1></Repy_USD_L1_2023_1><DD_USD_L1_2023></DD_USD_L1_2023><Bal_USD_L1_2024>0</Bal_USD_L1_2024><Int_USD_L1_2024>0</Int_USD_L1_2024><Repy_USD_L1_2024_1></Repy_USD_L1_2024_1><DD_USD_L1_2024></DD_USD_L1_2024><Bal_USD_L1_2025>0</Bal_USD_L1_2025><Int_USD_L1_2025>0</Int_USD_L1_2025><Repy_USD_L1_2025_1></Repy_USD_L1_2025_1><DD_USD_L1_2025></DD_USD_L1_2025><Bal_USD_L1_2026>0</Bal_USD_L1_2026><Int_USD_L1_2026>0</Int_USD_L1_2026><Repy_USD_L1_2026_1></Repy_USD_L1_2026_1><DD_USD_L1_2026></DD_USD_L1_2026><Bal_USD_L1_2027>0</Bal_USD_L1_2027><Int_USD_L1_2027>0</Int_USD_L1_2027><Repy_USD_L1_2027_1></Repy_USD_L1_2027_1><DD_USD_L1_2027></DD_USD_L1_2027><Bal_USD_L1_2028>0</Bal_USD_L1_2028><Int_USD_L1_2028>0</Int_USD_L1_2028><Repy_USD_L1_2028_1></Repy_USD_L1_2028_1><DD_USD_L1_2028></DD_USD_L1_2028><Bal_USD_L1_2029>0</Bal_USD_L1_2029><Int_USD_L1_2029>0</Int_USD_L1_2029><Repy_USD_L1_2029_1></Repy_USD_L1_2029_1><DD_USD_L1_2029></DD_USD_L1_2029><Bal_USD_L1_2030>0</Bal_USD_L1_2030><Int_USD_L1_2030>0</Int_USD_L1_2030><Repy_USD_L1_2030_1></Repy_USD_L1_2030_1><DD_USD_L1_2030></DD_USD_L1_2030><TotREP_LC1_L1>0</TotREP_LC1_L1><TotInt_LC1_L1>0</TotInt_LC1_L1><Bal_LC1_L1_2011>0</Bal_LC1_L1_2011><Int_LC1_L1_2011>0</Int_LC1_L1_2011><Repy_LC1_L1_2011_1></Repy_LC1_L1_2011_1><DD_LC1_L1_2011></DD_LC1_L1_2011><Bal_LC1_L1_2012>0</Bal_LC1_L1_2012><Int_LC1_L1_2012>0</Int_LC1_L1_2012><Repy_LC1_L1_2012_1></Repy_LC1_L1_2012_1><DD_LC1_L1_2012></DD_LC1_L1_2012><Bal_LC1_L1_2013>0</Bal_LC1_L1_2013><Int_LC1_L1_2013>0</Int_LC1_L1_2013><Repy_LC1_L1_2013_1></Repy_LC1_L1_2013_1><DD_LC1_L1_2013></DD_LC1_L1_2013><Bal_LC1_L1_2014>0</Bal_LC1_L1_2014><Int_LC1_L1_2014>0</Int_LC1_L1_2014><Repy_LC1_L1_2014_1></Repy_LC1_L1_2014_1><DD_LC1_L1_2014></DD_LC1_L1_2014><Bal_LC1_L1_2015>0</Bal_LC1_L1_2015><Int_LC1_L1_2015>0</Int_LC1_L1_2015><Repy_LC1_L1_2015_1></Repy_LC1_L1_2015_1><DD_LC1_L1_2015></DD_LC1_L1_2015><Bal_LC1_L1_2016>0</Bal_LC1_L1_2016><Int_LC1_L1_2016>0</Int_LC1_L1_2016><Repy_LC1_L1_2016_1></Repy_LC1_L1_2016_1><DD_LC1_L1_2016></DD_LC1_L1_2016><Bal_LC1_L1_2017>0</Bal_LC1_L1_2017><Int_LC1_L1_2017>0</Int_LC1_L1_2017><Repy_LC1_L1_2017_1></Repy_LC1_L1_2017_1><DD_LC1_L1_2017></DD_LC1_L1_2017><Bal_LC1_L1_2018>0</Bal_LC1_L1_2018><Int_LC1_L1_2018>0</Int_LC1_L1_2018><Repy_LC1_L1_2018_1></Repy_LC1_L1_2018_1><DD_LC1_L1_2018></DD_LC1_L1_2018><Bal_LC1_L1_2019>0</Bal_LC1_L1_2019><Int_LC1_L1_2019>0</Int_LC1_L1_2019><Repy_LC1_L1_2019_1></Repy_LC1_L1_2019_1><DD_LC1_L1_2019></DD_LC1_L1_2019><Bal_LC1_L1_2020>0</Bal_LC1_L1_2020><Int_LC1_L1_2020>0</Int_LC1_L1_2020><Repy_LC1_L1_2020_1></Repy_LC1_L1_2020_1><DD_LC1_L1_2020></DD_LC1_L1_2020><Bal_LC1_L1_2021>0</Bal_LC1_L1_2021><Int_LC1_L1_2021>0</Int_LC1_L1_2021><Repy_LC1_L1_2021_1></Repy_LC1_L1_2021_1><DD_LC1_L1_2021></DD_LC1_L1_2021><Bal_LC1_L1_2022>0</Bal_LC1_L1_2022><Int_LC1_L1_2022>0</Int_LC1_L1_2022><Repy_LC1_L1_2022_1></Repy_LC1_L1_2022_1><DD_LC1_L1_2022></DD_LC1_L1_2022><Bal_LC1_L1_2023>0</Bal_LC1_L1_2023><Int_LC1_L1_2023>0</Int_LC1_L1_2023><Repy_LC1_L1_2023_1></Repy_LC1_L1_2023_1><DD_LC1_L1_2023></DD_LC1_L1_2023><Bal_LC1_L1_2024>0</Bal_LC1_L1_2024><Int_LC1_L1_2024>0</Int_LC1_L1_2024><Repy_LC1_L1_2024_1></Repy_LC1_L1_2024_1><DD_LC1_L1_2024></DD_LC1_L1_2024><Bal_LC1_L1_2025>0</Bal_LC1_L1_2025><Int_LC1_L1_2025>0</Int_LC1_L1_2025><Repy_LC1_L1_2025_1></Repy_LC1_L1_2025_1><DD_LC1_L1_2025></DD_LC1_L1_2025><Bal_LC1_L1_2026>0</Bal_LC1_L1_2026><Int_LC1_L1_2026>0</Int_LC1_L1_2026><Repy_LC1_L1_2026_1></Repy_LC1_L1_2026_1><DD_LC1_L1_2026></DD_LC1_L1_2026><Bal_LC1_L1_2027>0</Bal_LC1_L1_2027><Int_LC1_L1_2027>0</Int_LC1_L1_2027><Repy_LC1_L1_2027_1></Repy_LC1_L1_2027_1><DD_LC1_L1_2027></DD_LC1_L1_2027><Bal_LC1_L1_2028>0</Bal_LC1_L1_2028><Int_LC1_L1_2028>0</Int_LC1_L1_2028><Repy_LC1_L1_2028_1></Repy_LC1_L1_2028_1><DD_LC1_L1_2028></DD_LC1_L1_2028><Bal_LC1_L1_2029>0</Bal_LC1_L1_2029><Int_LC1_L1_2029>0</Int_LC1_L1_2029><Repy_LC1_L1_2029_1></Repy_LC1_L1_2029_1><DD_LC1_L1_2029></DD_LC1_L1_2029><Bal_LC1_L1_2030>0</Bal_LC1_L1_2030><Int_LC1_L1_2030>0</Int_LC1_L1_2030><Repy_LC1_L1_2030_1></Repy_LC1_L1_2030_1><DD_LC1_L1_2030></DD_LC1_L1_2030></row></data></cal_commloan>
