<?xml version="1.0" encoding="utf-8"?>
<cal_Drawdown><meta><autoIncrement>2</autoIncrement></meta><data><row><id>1</id><fid>JOD_1</fid><pid>1</pid><Tot_E1>0</Tot_E1><E1_1>0</E1_1><E1_2>0</E1_2><E1_3>0</E1_3><Tot_E2>0</Tot_E2><E2_1>0</E2_1><E2_2>0</E2_2><E2_3>0</E2_3><Tot_L1>0</Tot_L1><L1_1>0</L1_1><L1_2>0</L1_2><L1_3>0</L1_3></row><row><id>2</id><fid>USD_1</fid><pid>1</pid><Tot_E1>180</Tot_E1><E1_1>45</E1_1><E1_2>90</E1_2><E1_3>45</E1_3><Tot_E2>0</Tot_E2><E2_1>0</E2_1><E2_2>0</E2_2><E2_3>0</E2_3><Tot_L1>0</Tot_L1><L1_1>0</L1_1><L1_2>0</L1_2><L1_3>0</L1_3></row></data></cal_Drawdown>
